Nome,Citta,Indirizzo,Telefono,Email,Categoria,Motivo,Recensioni,Demo URL,WhatsApp link,Email link,Inviato
Pizzeria Mezzo Metro,Bergamo,Bergamo,+39 380 758 7667,,SENZA SITO,,0,https://mirondavide.com/pizzerie/bergamo/pizzeria-mezzo-metro/,https://wa.me/393807587667?text=Buongiorno%2C%20mi%20chiamo%20Davide%20e%20mi%20occupo%20di%20siti%20web%20per%20attivit%C3%A0%20locali.%0A%0AHo%20creato%20un%20sito%20da%20zero%20per%20Pizzeria%20Mezzo%20Metro%3A%0Ahttps%3A//mirondavide.com/pizzerie/bergamo/pizzeria-mezzo-metro/%0A%0ASe%20le%20interessa%2C%20possiamo%20sentirci%2010%20minuti%20%E2%80%94%20anche%20al%20telefono%20o%20passo%20di%20persona.%0A%0AUn%20saluto%2C%0ADavide%20%E2%80%94%20379%20210%206196,,
Pizzeria d'asporto Posti Contati,Bergamo,Bergamo,+39 389 7967755,,SENZA SITO,,0,https://mirondavide.com/pizzerie/bergamo/pizzeria-d-asporto-posti-contati/,https://wa.me/393897967755?text=Buongiorno%2C%20mi%20chiamo%20Davide%20e%20mi%20occupo%20di%20siti%20web%20per%20attivit%C3%A0%20locali.%0A%0AHo%20creato%20un%20sito%20da%20zero%20per%20Pizzeria%20d%27asporto%20Posti%3A%0Ahttps%3A//mirondavide.com/pizzerie/bergamo/pizzeria-d-asporto-posti-contati/%0A%0ASe%20le%20interessa%2C%20possiamo%20sentirci%2010%20minuti%20%E2%80%94%20anche%20al%20telefono%20o%20passo%20di%20persona.%0A%0AUn%20saluto%2C%0ADavide%20%E2%80%94%20379%20210%206196,,
Pizzoteca,Bergamo,"Viale Enrico Fermi 9, Bergamo",+39 339 715 4853,,SENZA SITO,,0,https://mirondavide.com/pizzerie/bergamo/pizzoteca/,https://wa.me/393397154853?text=Buongiorno%2C%20mi%20chiamo%20Davide%20e%20mi%20occupo%20di%20siti%20web%20per%20attivit%C3%A0%20locali.%0A%0AHo%20creato%20un%20sito%20da%20zero%20per%20Pizzoteca%3A%0Ahttps%3A//mirondavide.com/pizzerie/bergamo/pizzoteca/%0A%0ASe%20le%20interessa%2C%20possiamo%20sentirci%2010%20minuti%20%E2%80%94%20anche%20al%20telefono%20o%20passo%20di%20persona.%0A%0AUn%20saluto%2C%0ADavide%20%E2%80%94%20379%20210%206196,,
Tropi&Co Pizza Club,Bergamo,"Via Foro Boario 16B, Bergamo",+39 331 665 7634,,SENZA SITO,,0,https://mirondavide.com/pizzerie/bergamo/tropi-co-pizza-club/,https://wa.me/393316657634?text=Buongiorno%2C%20mi%20chiamo%20Davide%20e%20mi%20occupo%20di%20siti%20web%20per%20attivit%C3%A0%20locali.%0A%0AHo%20creato%20un%20sito%20da%20zero%20per%20Tropi%26Co%20Pizza%20Club%3A%0Ahttps%3A//mirondavide.com/pizzerie/bergamo/tropi-co-pizza-club/%0A%0ASe%20le%20interessa%2C%20possiamo%20sentirci%2010%20minuti%20%E2%80%94%20anche%20al%20telefono%20o%20passo%20di%20persona.%0A%0AUn%20saluto%2C%0ADavide%20%E2%80%94%20379%20210%206196,,
Nuova Santa Lucia,Bergamo,Bergamo,+39 339 7740410,,SENZA SITO,,0,https://mirondavide.com/pizzerie/bergamo/nuova-santa-lucia/,https://wa.me/393397740410?text=Buongiorno%2C%20mi%20chiamo%20Davide%20e%20mi%20occupo%20di%20siti%20web%20per%20attivit%C3%A0%20locali.%0A%0AHo%20creato%20un%20sito%20da%20zero%20per%20Nuova%20Santa%20Lucia%3A%0Ahttps%3A//mirondavide.com/pizzerie/bergamo/nuova-santa-lucia/%0A%0ASe%20le%20interessa%2C%20possiamo%20sentirci%2010%20minuti%20%E2%80%94%20anche%20al%20telefono%20o%20passo%20di%20persona.%0A%0AUn%20saluto%2C%0ADavide%20%E2%80%94%20379%20210%206196,,
Pizza Capri,Bergamo,"Via Leonida Bissolati 38, Bergamo",+39 328 158 8416,,SENZA SITO,,0,https://mirondavide.com/pizzerie/bergamo/pizza-capri/,https://wa.me/393281588416?text=Buongiorno%2C%20mi%20chiamo%20Davide%20e%20mi%20occupo%20di%20siti%20web%20per%20attivit%C3%A0%20locali.%0A%0AHo%20creato%20un%20sito%20da%20zero%20per%20Pizza%20Capri%3A%0Ahttps%3A//mirondavide.com/pizzerie/bergamo/pizza-capri/%0A%0ASe%20le%20interessa%2C%20possiamo%20sentirci%2010%20minuti%20%E2%80%94%20anche%20al%20telefono%20o%20passo%20di%20persona.%0A%0AUn%20saluto%2C%0ADavide%20%E2%80%94%20379%20210%206196,,
Pizzeria Positano,Bergamo,Bergamo,+39 320 964 6823,,SENZA SITO,,0,https://mirondavide.com/pizzerie/bergamo/pizzeria-positano/,https://wa.me/393209646823?text=Buongiorno%2C%20mi%20chiamo%20Davide%20e%20mi%20occupo%20di%20siti%20web%20per%20attivit%C3%A0%20locali.%0A%0AHo%20creato%20un%20sito%20da%20zero%20per%20Pizzeria%20Positano%3A%0Ahttps%3A//mirondavide.com/pizzerie/bergamo/pizzeria-positano/%0A%0ASe%20le%20interessa%2C%20possiamo%20sentirci%2010%20minuti%20%E2%80%94%20anche%20al%20telefono%20o%20passo%20di%20persona.%0A%0AUn%20saluto%2C%0ADavide%20%E2%80%94%20379%20210%206196,,
Da MARIO,Bergamo,Bergamo,+39 370 158 0199,,SENZA SITO,,0,https://mirondavide.com/pizzerie/bergamo/da-mario/,https://wa.me/393701580199?text=Buongiorno%2C%20mi%20chiamo%20Davide%20e%20mi%20occupo%20di%20siti%20web%20per%20attivit%C3%A0%20locali.%0A%0AHo%20creato%20un%20sito%20da%20zero%20per%20Da%20MARIO%3A%0Ahttps%3A//mirondavide.com/pizzerie/bergamo/da-mario/%0A%0ASe%20le%20interessa%2C%20possiamo%20sentirci%2010%20minuti%20%E2%80%94%20anche%20al%20telefono%20o%20passo%20di%20persona.%0A%0AUn%20saluto%2C%0ADavide%20%E2%80%94%20379%20210%206196,,
Dieta Mediterranea,Bergamo,"Via della Ziziola 51, Bergamo",+39 329 3350185,,SENZA SITO,,0,https://mirondavide.com/pizzerie/bergamo/dieta-mediterranea/,https://wa.me/393293350185?text=Buongiorno%2C%20mi%20chiamo%20Davide%20e%20mi%20occupo%20di%20siti%20web%20per%20attivit%C3%A0%20locali.%0A%0AHo%20creato%20un%20sito%20da%20zero%20per%20Dieta%20Mediterranea%3A%0Ahttps%3A//mirondavide.com/pizzerie/bergamo/dieta-mediterranea/%0A%0ASe%20le%20interessa%2C%20possiamo%20sentirci%2010%20minuti%20%E2%80%94%20anche%20al%20telefono%20o%20passo%20di%20persona.%0A%0AUn%20saluto%2C%0ADavide%20%E2%80%94%20379%20210%206196,,
La Maiolica,Trenzano,"Via Guglielmo Marconi 11a, Trenzano",+39 333 5253430,,SENZA SITO,,0,https://mirondavide.com/pizzerie/bergamo/la-maiolica/,https://wa.me/393335253430?text=Buongiorno%2C%20mi%20chiamo%20Davide%20e%20mi%20occupo%20di%20siti%20web%20per%20attivit%C3%A0%20locali.%0A%0AHo%20creato%20un%20sito%20da%20zero%20per%20La%20Maiolica%3A%0Ahttps%3A//mirondavide.com/pizzerie/bergamo/la-maiolica/%0A%0ASe%20le%20interessa%2C%20possiamo%20sentirci%2010%20minuti%20%E2%80%94%20anche%20al%20telefono%20o%20passo%20di%20persona.%0A%0AUn%20saluto%2C%0ADavide%20%E2%80%94%20379%20210%206196,,
L'oasi Pizza & Kebab,Bergamo,"Viale Duca degli Abruzzi 31, Bergamo",+39 351 0825769,,SENZA SITO,,0,https://mirondavide.com/pizzerie/bergamo/l-oasi-pizza-kebab/,https://wa.me/393510825769?text=Buongiorno%2C%20mi%20chiamo%20Davide%20e%20mi%20occupo%20di%20siti%20web%20per%20attivit%C3%A0%20locali.%0A%0AHo%20creato%20un%20sito%20da%20zero%20per%20L%27oasi%20Pizza%20Kebab%3A%0Ahttps%3A//mirondavide.com/pizzerie/bergamo/l-oasi-pizza-kebab/%0A%0ASe%20le%20interessa%2C%20possiamo%20sentirci%2010%20minuti%20%E2%80%94%20anche%20al%20telefono%20o%20passo%20di%20persona.%0A%0AUn%20saluto%2C%0ADavide%20%E2%80%94%20379%20210%206196,,
Curry Fusion Grill & Pizza,Bergamo,"Via Paolo Veronese 30E, Bergamo",+39 351 352 6937,,SENZA SITO,,0,https://mirondavide.com/pizzerie/bergamo/curry-fusion-grill-pizza/,https://wa.me/393513526937?text=Buongiorno%2C%20mi%20chiamo%20Davide%20e%20mi%20occupo%20di%20siti%20web%20per%20attivit%C3%A0%20locali.%0A%0AHo%20creato%20un%20sito%20da%20zero%20per%20Curry%20Fusion%20Grill%3A%0Ahttps%3A//mirondavide.com/pizzerie/bergamo/curry-fusion-grill-pizza/%0A%0ASe%20le%20interessa%2C%20possiamo%20sentirci%2010%20minuti%20%E2%80%94%20anche%20al%20telefono%20o%20passo%20di%20persona.%0A%0AUn%20saluto%2C%0ADavide%20%E2%80%94%20379%20210%206196,,
Villa Deventi,Bergamo,"Via Papa Giovanni Ventitreesimo 9, Bergamo",+39 391 330 7457,,SENZA SITO,,0,https://mirondavide.com/pizzerie/bergamo/villa-deventi/,https://wa.me/393913307457?text=Buongiorno%2C%20mi%20chiamo%20Davide%20e%20mi%20occupo%20di%20siti%20web%20per%20attivit%C3%A0%20locali.%0A%0AHo%20creato%20un%20sito%20da%20zero%20per%20Villa%20Deventi%3A%0Ahttps%3A//mirondavide.com/pizzerie/bergamo/villa-deventi/%0A%0ASe%20le%20interessa%2C%20possiamo%20sentirci%2010%20minuti%20%E2%80%94%20anche%20al%20telefono%20o%20passo%20di%20persona.%0A%0AUn%20saluto%2C%0ADavide%20%E2%80%94%20379%20210%206196,,
O'Sarracino,Treviglio,"Vicolo Poggetto 2a, Treviglio",+39 393 099 9771,,SENZA SITO,,0,https://mirondavide.com/pizzerie/bergamo/o-sarracino/,https://wa.me/393930999771?text=Buongiorno%2C%20mi%20chiamo%20Davide%20e%20mi%20occupo%20di%20siti%20web%20per%20attivit%C3%A0%20locali.%0A%0AHo%20creato%20un%20sito%20da%20zero%20per%20O%27Sarracino%3A%0Ahttps%3A//mirondavide.com/pizzerie/bergamo/o-sarracino/%0A%0ASe%20le%20interessa%2C%20possiamo%20sentirci%2010%20minuti%20%E2%80%94%20anche%20al%20telefono%20o%20passo%20di%20persona.%0A%0AUn%20saluto%2C%0ADavide%20%E2%80%94%20379%20210%206196,,
